"Marca temporal","Edad","Género","¿Ha utilizado tecnologías de realidad virtual antes?","¿Tiene conocimientos de lenguaje de señas?","¿Ha utilizado alguna vez experiencias educativas de este tipo?","Creo que me gustará usar este sistema VR frecuentemente","Encontraré el sistema innecesariamente complejo","Pienso que el sistema será fácil de usar","Creo que necesitaré el apoyo de una persona técnica para poder usar este sistema","Encontraré que las diversas funciones en este sistema estarán bien integradas","Me parece que habrá demasiada inconsistencia en este sistema.","Imagino que la mayoría de las personas aprenderán a usar este sistema muy rápidamente.","Encontraré el sistema muy engorroso de usar.","Me sentiré muy segura/o al usar el sistema.","Necesitaré aprender muchas cosas antes de poder usar el sistema.","Disfrutaré mucho usando este sistema VR.","Esta actividad será divertida para mí.","Encontraré esta actividad muy interesante.","Esta actividad captará mi atención en absoluto.","Describiré esta actividad como muy placentera.","Creo que seré bastante buena/o en esta actividad.","Estaré satisfecha/o con mi desempeño en esta tarea.","Después de trabajar en esta actividad por un tiempo, me sentiré bastante competente.","Estaré muy satisfecha/o con mi desempeño en esta actividad.","Me sentiré como si fuera bastante efectiva/o completando esta actividad.","No me sentiré nerviosa/o para nada mientras haga esto.","No me sentiré muy tensa/o mientras haga esta actividad.","No me sentiré presionada/o mientras haga esto.","Me sentiré muy relajada/o haciendo esto.","No estaré ansiosa/o mientras trabajo en esta tarea.","Me sentiré completamente inmersa/o en el entorno virtual.","Perderé la noción del tiempo mientras uso el sistema.","Me olvidaré del mundo real mientras estoy en la experiencia VR.","Me sentiré como si realmente estuviera en el entorno virtual.","La experiencia me mantendrá completamente absorta/o.","Creo que me gustaría usar este sistema VR frecuentemente.","Encontré el sistema innecesariamente complejo.","Pensé que el sistema era fácil de usar.","Creo que necesitaría el apoyo de una persona técnica para poder usar este sistema.","Encontré que las diversas funciones en este sistema estaban bien integradas.","Me parece que había demasiada inconsistencia en este sistema.","Imagino que la mayoría de las personas aprenderían a usar este sistema muy rápidamente.","Encontré el sistema muy engorroso de usar.","Me sentí muy seguro al usar el sistema.","Necesité aprender muchas cosas antes de poder usar el sistema.","Disfruté mucho usando este sistema VR.","Esta actividad fue divertida para mí.","Encontré esta actividad muy interesante.","Esta actividad captó mi atención en absoluto.","Describiría esta actividad como muy placentera.","Creo que soy bastante bueno/a en esta actividad.","Estoy satisfecho/a con mi desempeño en esta tarea.","Después de trabajar en esta actividad por un tiempo, me sentí bastante competente.","Estoy muy satisfecho/a con mi desempeño en esta actividad.","Me sentí como si fuera bastante efectivo/a completando esta actividad.","No me sentí nervioso/a para nada mientras hacía esto","No me sentí muy tenso/a mientras hacía esta actividad.","No me sentí presionado/a mientras hacía esto.","Me sentí muy relajado/a haciendo esto.","No estuve ansioso/a mientras trabajaba en esta tarea.","Me sentí completamente inmerso/a en el entorno virtual.","Perdí la noción del tiempo mientras usaba el sistema.","Me olvidé del mundo real mientras estaba en la experiencia VR.","Me sentí como si realmente estuviera en el entorno virtual.","La experiencia me mantuvo completamente absorto/a.","¿Encontró el sistema innecesariamente complejo? ¿Por qué?","¿Describiría esta actividad como placentera? ¿Por qué?","Después de trabajar en esta actividad, ¿Se sintió competente? ¿Por qué?","¿Se sintió relajada/o durante la actividad? ¿Por qué?","¿Se sintió durante la actividad si realmente estuviera en el entorno virtual? ¿Por qué?"
"2025/06/21 3:01:53 p. m. GMT-4","23","Masculino","Nunca","Ninguno","Nunca","3","2","2","4","4","4","2","3","3","4","3","2","2","4","2","4","2","2","2","2","2","4","4","4","4","4","4","4","4","4","5","1","5","2","5","1","5","1","5","1","5","5","5","3","5","5","5","5","5","5","5","5","5","5","5","5","5","5","5","5","No, era muy simple e intuitivo","Sí, fue una experiencia agradable, sencilla de utilizar y educativa","Sí, las instrucciones fueron fáciles de seguir","Sí, el entorno era cómodo y agradable","Sí, estaba muy bien diseñado"
"2025/06/21 3:05:25 p. m. GMT-4","23","Masculino","Soy experta/o","Ninguno","Pocas veces","3","2","4","1","2","3","4","2","5","1","3","5","5","4","3","2","4","4","4","3","3","3","3","5","4","3","3","2","3","2","4","2","3","1","3","2","3","1","5","1","4","3","4","4","4","3","3","4","4","4","3","3","4","5","4","4","3","3","4","4","No","En parte sí. Aunque al principio me costó concentrarme, una vez que me involucré, empecé a disfrutarla.","Si, aprendi mucho","Si, estaba en mi casa","Si"
"2025/06/21 3:05:57 p. m. GMT-4","25","Masculino","Nunca","Ninguno","Nunca","3","3","4","4","3","4","3","4","3","4","3","3","3","3","2","1","2","3","3","4","3","3","3","3","2","4","2","4","4","3","4","2","4","1","3","2","3","3","5","2","4","5","5","5","5","5","5","5","5","5","5","5","4","5","4","4","4","5","4","4","NO","Si","si","si","si"
"2025/06/21 3:06:24 p. m. GMT-4","23","Masculino","Una vez","Ninguno","Nunca","3","2","4","3","3","4","3","3","2","2","3","2","3","4","2","2","3","3","3","4","3","3","3","2","2","3","2","2","2","2","4","2","5","2","4","1","3","3","5","3","4","3","4","5","4","4","3","4","5","4","4","5","4","4","5","4","4","3","5","4","No, no encontré el sistema innecesariamente complejo. ","Si","Sí, porque fue entretenida y me permitió aprender de forma dinámica.","Sí, porque la actividad fue tranquila y sin presión","Sí, porque la experiencia fue inmersiva y captó mi atención completamente."
"2025/06/21 7:13:35 p. m. GMT-4","25","Masculino","Una vez","Ninguno","Nunca","2","3","4","5","2","3","2","3","4","1","2","4","4","2","2","4","3","4","4","3","3","3","4","5","3","3","1","2","3","1","4","2","5","2","5","1","4","2","5","2","5","4","4","5","5","4","4","5","4","5","5","5","5","4","4","5","3","4","5","5","No lo encontré innecesariamente complejo, más bien informador.","Sí, fue placentera hubo aprendizaje entretenido.","Me sentí competente, ya que logré completar las tareas sin mayores dificultades.","Sí, me sentí relajado porque no tenia estrés.","Sí, me sentí inmerso porque ocupe el VR"
"2025/06/21 7:19:04 p. m. GMT-4","27","Masculino","Pocas veces","Ninguno","Nunca","2","3","4","4","2","3","2","2","2","1","3","3","4","2","2","4","3","4","3","4","3","3","4","5","3","3","2","2","3","3","4","2","4","1","4","2","4","1","5","2","5","4","4","4","4","4","4","4","5","4","4","4","4","5","4","4","5","5","4","5","Si fue intuitivo, ya que los elementos estaban bien orgnoazados ","Si porque me permitió aprender de forma divertida ","Si porque es diseño me gustó ","Si porque las respuestas de sistema eran live ","Si porque es una experiencia entretenida "
"2025/06/22 2:45:08 p. m. GMT-4","30","Femenino","Pocas veces","Ninguno","Nunca","3","3","3","2","3","2","4","2","4","2","4","3","4","4","3","2","3","4","3","3","3","3","3","3","4","3","2","2","3","2","4","2","1","2","4","1","4","1","5","1","5","5","5","5","4","4","4","4","5","4","4","4","4","5","5","4","3","3","5","4","No, porque todo era guiado y opciones lineales , lo cual ayuda a no perderte mientras la usas","Si, ya que la metodología de enseñanza de letras es divertida y fácil de entender","Si, pero creo que es algo para un uso constante para poder aprender bien el abecedario, pero al menos ya tengo algo básico en lenguaje de señas","Si, porque era tareas sencillas y facil de entender y hacerlas","No mucho, al ser solo el uso de la camara no me da esta sensación de una realidad virtual"
"2025/06/22 6:32:50 p. m. GMT-4","18","Prefiero no especificar","Nunca","Ninguno","Nunca","3","3","3","3","3","3","3","3","3","3","3","3","5","4","3","3","3","3","3","3","3","3","2","2","2","2","4","5","5","3","4","4","3","3","3","3","3","3","3","3","3","3","3","4","4","4","2","2","2","3","3","4","4","4","4","4","4","3","3","2","","","","",""
"2025/06/22 7:46:55 p. m. GMT-4","36","Masculino","Pocas veces","Ninguno","Nunca","3","3","3","2","3","3","4","3","3","3","3","3","4","4","3","3","3","3","3","3","4","4","4","4","4","4","3","3","3","3","5","2","5","2","5","2","5","2","5","2","5","5","5","5","4","5","5","5","5","5","5","5","5","5","5","5","4","4","4","5","El sistema es intuitivo","Es una actividad entretenida","Si, pude adquirir nuevos conocimientos ","Es una actividad entretenida y relajada","Si, uno se siente inmerso en la actividad "
"2025/06/22 7:53:52 p. m. GMT-4","30","Masculino","Nunca","Ninguno","Nunca","3","3","3","4","3","3","3","3","3","3","3","3","3","3","3","3","3","3","3","3","4","4","4","4","4","3","3","3","3","3","4","2","5","2","5","2","5","2","5","2","5","5","5","5","5","5","5","5","5","5","5","5","5","5","5","5","5","5","5","5","","","","",""
"2025/06/22 8:07:45 p. m. GMT-4","34","Femenino","Nunca","Ninguno","Nunca","5","3","3","5","3","3","3","3","3","3","4","4","4","4","3","3","3","3","3","3","3","3","3","3","3","3","3","3","3","3","5","3","4","4","5","3","4","2","4","4","5","5","5","5","5","4","4","5","5","5","2","2","3","3","3","5","5","2","3","4","","","","",""
"2025/06/22 8:29:38 p. m. GMT-4","25","Masculino","Una vez","Ninguno","Nunca","5","3","3","4","4","2","4","2","5","3","5","5","5","5","4","5","5","5","5","5","3","3","5","5","3","5","5","5","4","5","5","2","5","3","5","2","4","1","5","2","5","5","5","5","5","4","4","5","4","5","4","3","1","5","3","5","5","5","5","5","La verdad es que no, el sistema y las instrucciones eran lo bastante claras para no perderme.","Si, es un sistema inovador para aprender algo tan complejo.","Si, adquirí conocimiento que no tenía previamente y de un forma novedosa e ingeniosa.","Si, el entorno de la aplicación, sus funciones y la guía fueron lo suficientemente óptimas para mantenerme motivado y querer seguir usándola.","Así es, el sistema se siente lo suficientemente virtual e inmersivo para dimensionar que me encuentro en un entorno virtual."
"2025/06/22 9:38:31 p. m. GMT-4","26","Masculino","Una vez","Ninguno","Una vez","3","2","4","3","3","3","4","2","4","3","3","4","5","5","5","5","5","5","5","5","5","5","5","5","5","4","5","1","5","4","5","3","3","3","3","3","4","4","4","4","4","4","4","4","4","4","4","4","4","4","4","4","4","4","4","4","4","4","4","4","No, la guía fue bastante certera","Sii, aprendía y sentía que lo lograba","Sii, al ir aprendiendo ","Sii, puede seguir a mi ritmo ","Si."
"2025/06/22 11:06:22 p. m. GMT-4","26","Femenino","Nunca","Ninguno","Nunca","2","1","4","1","3","3","4","2","4","5","3","2","2","1","1","3","3","4","3","3","2","2","2","2","1","4","1","1","3","3","2","1","5","1","5","2","5","1","5","1","4","3","4","4","2","3","4","4","5","3","2","2","2","4","1","1","1","1","1","1","Para nada, el juego era bastante simple de entender","No se si placentera, pero fue una manera interesante de aprender el lenguaje de señas","me faltaria utilizar mas la aplicacion para aprender la lengua de señas mejor","Si, pense que iba a estar mas nerviosa al no conocer bien la lengua de señas, pero al final no fue para tanto, esto gracias a que la aplicacion era simple y explicaba bien al usuario","No realmente. Mi experiencia fue mas comparable con las de juegos de celular que con otros juegos que buscan mas colocar al usuario en otro universo."
"2025/06/22 11:38:18 p. m. GMT-4","58","Femenino","Nunca","Ninguno","Nunca","5","5","4","5","5","1","5","4","2","5","5","5","5","5","4","1","1","4","3","4","1","1","2","1","1","5","4","4","4","4","4","2","4","5","4","2","5","1","4","3","5","4","5","4","4","2","4","4","4","4","2","4","4","3","2","4","2","2","4","4","No, se entendia todo bien","Si, estuvo muy entretenida y es bueno que este enseñando la lengua de señas","Si, todo fue facil de usar","Si al principio pero despues fue pasando","Si todo estaba bien hecho y estuvo interesante el uso de las manos para jugar"
"2025/06/22 11:53:49 p. m. GMT-4","65","Masculino","Nunca","Ninguno","Nunca","3","4","3","5","3","3","4","5","1","5","2","2","4","1","2","1","1","2","1","2","2","2","1","3","3","2","1","1","1","1","1","3","4","5","3","2","4","2","3","5","2","1","4","2","1","1","4","3","4","3","2","2","3","3","3","2","1","1","1","3","Todo se veía bien","esta bueno lo de aprender las señas pero no me interesa mucho","no me manejo mucho con las computadoras","pensé que iba a ser mas complicado pero al final no fue para tanto","no era como para estar inmerso, pero estaba buena la idea"